1,-4.822490E+000,-5.040217E+001,4.020861E+000
1,-4.446012E+001,2.096467E+001,-1.149206E+001
1,5.000102E+001,7.807481E-001,9.134460E+000
1,-4.169908E+001,-2.231006E+001,1.631412E+001
1,4.425242E+000,-4.666664E+000,5.022374E+001
1,2.726058E+001,2.338604E+001,3.506772E+001
1,-1.998800E+001,-6.638056E+000,4.586818E+001
1,4.757040E+001,-1.571324E+000,1.587210E+001
1,4.187640E+001,1.083021E+001,2.464421E+001
1,1.585935E+001,1.468600E+001,4.409609E+001
1,-3.377252E+001,-3.660115E+001,3.766672E+000
1,3.218305E+000,-4.484079E+001,2.252914E+001
1,4.314060E+000,-2.829593E+000,-5.004402E+001
1,2.273310E+001,-3.376487E+001,2.855148E+001
1,5.453126E+000,4.356794E+000,4.895405E+001
1,6.473627E+000,4.940687E+001,3.539394E-001
1,-2.138691E+001,4.432754E+001,-9.408566E+000
1,3.433926E+001,-1.168791E+001,3.482704E+001
1,-2.538081E+000,-4.035180E+001,2.940645E+001
1,1.416785E+001,-3.562283E+001,-3.261538E+001
1,3.307119E+001,-2.815823E+001,-2.345108E+001
1,-4.586114E+001,2.049557E+000,2.106677E+001
1,-4.506056E+001,1.624832E+001,1.540648E+001
1,1.135568E+001,-8.953778E+000,-4.902086E+001
1,2.694642E+001,-3.228738E+001,2.570605E+001
1,2.397626E+001,4.349894E+001,8.875034E+000
1,-2.261322E+001,1.120520E+000,4.384600E+001
1,-4.664605E+001,1.300358E+001,1.479079E+001
1,-4.389160E+001,-1.832661E+001,1.900224E+001
1,-7.459890E+000,-1.262892E+001,-4.842610E+001
1,4.877461E+001,-1.088641E+001,-9.436041E-001
1,-4.572060E+001,-2.006000E+001,-9.225777E+000
1,-3.163734E+001,-2.273955E+001,3.127342E+001
1,-4.295419E+001,2.221346E+001,1.199868E+001
1,7.238982E-001,-5.390864E-001,5.049664E+001
1,-3.667465E+001,-1.173224E+001,3.175296E+001
1,-2.696182E+001,-4.271378E+001,-4.202611E+000
1,-1.254398E+001,-4.417073E+001,1.712193E+001
1,-3.791277E+000,1.023480E+001,4.789530E+001
1,-2.104881E+000,-2.757672E+000,4.914903E+001
1,1.593932E+001,-4.047240E+001,2.266677E+001
1,2.082794E+001,2.235719E+001,3.869671E+001
1,3.487016E+001,2.749711E+001,2.086706E+001
1,7.022449E+000,1.049432E+001,-4.806278E+001
1,1.693301E+001,-4.636226E+001,-1.005664E+001
1,4.895567E+001,-9.864451E+000,3.758181E-001
1,-1.047965E+001,-2.389419E+001,4.389176E+001
1,-3.377526E+000,-4.336406E+001,-2.322464E+001
1,-1.727796E+001,3.943855E+001,2.445212E+001
1,-2.078939E+001,4.421985E+001,3.807860E+000
1,1.970845E+001,-2.333272E+001,-4.017329E+001
1,-1.806350E+001,-1.248334E+001,-4.534063E+001
1,1.100464E+001,2.833156E+001,-3.906953E+001
1,-1.204288E+001,-3.505996E+001,-3.367099E+001
1,-5.762872E+000,3.568634E+001,3.441024E+001
1,3.277245E+001,-2.681582E+001,-2.731609E+001
1,4.349359E+000,-1.573848E+001,-4.658156E+001
1,-3.743160E+001,-1.333147E+001,-2.936227E+001
1,1.095149E+000,-2.895145E+001,4.119409E+001
1,2.081152E+001,-4.509924E+001,6.718620E+000
1,-1.663654E+001,4.085904E+001,2.328948E+001
1,-4.946474E+001,-9.365017E+000,4.165513E+000
1,-3.293833E+001,3.747076E+001,5.488567E+000
1,-3.469399E+001,-1.347161E+001,-3.368293E+001
1,-1.700924E+000,3.878389E+000,-5.018907E+001
1,9.342566E+000,-4.816571E+001,5.786603E+000
1,-7.621773E-001,2.429450E-001,5.054068E+001
1,-2.253897E+001,-1.074838E+000,-4.507567E+001
1,-4.322574E+001,-1.992554E+001,-1.480758E+001
1,1.464230E-001,-2.590253E+000,-4.944740E+001
1,3.509462E+001,3.527068E+001,3.152403E+000
1,-1.335171E+001,-4.121441E+001,2.529178E+001
1,5.156830E+000,1.648380E+001,-4.640707E+001
1,1.757125E+001,-2.734733E+001,3.769288E+001
1,4.025838E+001,2.112824E+001,-2.243710E+001
1,3.977912E+001,-2.723688E+001,-1.381376E+001
1,-1.020641E+001,1.249038E+001,4.736394E+001
1,-2.897766E+001,-9.167267E+000,-4.012533E+001
1,5.347855E+000,9.703275E+000,4.881820E+001
1,-2.934843E+001,-2.973358E+001,-2.720795E+001
1,7.751599E+000,-1.210410E+000,4.848497E+001
1,-2.017439E+001,3.400705E+001,-2.997805E+001
1,-1.591191E+000,-9.643010E+000,-4.889731E+001
1,-4.799001E+001,-3.734926E+000,-1.351071E+001
1,-3.108115E+001,2.226071E+001,-3.188627E+001
1,-2.465025E+001,-3.861415E+001,2.005759E+001
1,2.615159E+000,2.341465E+001,4.452570E+001
1,2.987216E+001,-3.888780E+001,3.377874E+000
1,-2.257602E+001,-1.456696E+001,-4.173751E+001
1,7.257201E+000,1.453641E+001,4.757259E+001
1,2.867004E+001,4.182245E+001,4.503478E+000
1,-4.433257E+001,-1.193141E+001,2.189896E+001
1,1.260860E+001,1.471034E+001,4.588678E+001
1,3.484005E+001,3.395954E+001,-1.087016E+001
1,6.930852E-001,4.770752E+001,1.527311E+001
1,-4.055072E+001,1.007820E+001,-2.785772E+001
1,3.646811E+001,2.591996E+001,-2.274993E+001
1,4.604884E+001,-1.870015E+001,-9.746982E+000
1,-1.125560E+001,1.499203E+001,4.656661E+001
1,-2.634762E+001,2.801287E+001,3.183715E+001
1,2.770890E+001,-3.165224E+001,2.768707E+001
1,4.957815E+000,2.793576E+000,4.931642E+001
1,1.202478E+001,-3.042038E+001,-3.749503E+001
1,-3.390340E+001,3.337337E+001,1.362383E+001
1,-6.913066E-001,5.059888E+001,-3.136346E+000
1,-2.128546E+001,3.115772E+001,3.229716E+001
1,5.779592E+000,-4.921898E+000,4.971489E+001
1,4.765302E+001,2.013214E+000,1.781435E+001
1,-1.125033E+001,-3.235077E+001,3.686448E+001
1,-2.676125E+001,3.864196E+001,-1.724929E+001
1,4.896192E+001,-1.358528E+001,-6.522584E-001
1,-4.106392E+001,-8.996117E+000,2.571000E+001
1,-2.652002E+001,-4.199598E+001,-8.558903E+000
1,-3.885771E+001,3.128569E+001,9.822041E+000
1,-2.515191E+000,-4.694446E+001,-1.517955E+001
1,6.503940E+000,-8.794935E+000,-4.828183E+001
1,1.496289E+001,-9.978585E+000,4.697517E+001
1,-2.025608E+000,4.964101E-002,5.052980E+001
1,4.088566E+001,1.621842E+001,-2.476219E+001
1,-1.430980E+001,1.665692E+001,4.546714E+001
1,-3.276650E+000,5.021280E+001,6.635320E+000
1,-2.798439E+001,1.286504E+001,-3.989967E+001
1,-4.452040E+001,2.009092E+001,-1.179887E+001
1,-3.049969E+001,1.616691E+001,-3.579538E+001
1,-1.312977E+001,4.415611E+001,-1.723430E+001
1,1.569404E+001,4.658119E+001,-1.078499E+001
1,4.421565E+000,-4.555505E-001,4.946495E+001
1,2.823170E+001,-3.173840E+001,2.418817E+001
1,-2.290543E+001,-4.052252E+001,1.815122E+001
1,1.099909E+001,3.317303E+001,3.623688E+001
1,4.735365E+001,-1.680534E+001,2.047461E+000
1,-3.360902E+001,-3.143792E+001,2.079608E+001
1,1.020812E+000,-2.477213E+000,5.058570E+001
1,-2.579635E+001,6.522167E+000,4.305138E+001
1,-2.533395E+000,4.720672E+000,-4.926161E+001
1,3.890562E+001,1.180128E+001,3.041467E+001
1,-8.893620E+000,-4.405494E+001,2.070422E+001
1,-3.685225E+001,-1.028442E+001,-3.186347E+001
1,-4.443241E+001,7.083098E-001,2.280296E+001
1,-1.725394E+001,2.209700E+001,4.154161E+001
1,-6.064972E+000,-1.646601E+001,-4.684798E+001
1,4.750892E+001,-1.184642E+001,7.375438E+000
1,1.913517E+001,4.067304E+001,-2.305783E+001
1,-1.702271E+001,1.134864E+001,-4.525962E+001
1,4.437608E+001,-1.880899E+001,-1.502566E+001
1,-2.487963E+000,9.622863E-001,-5.034179E+001
1,2.199980E+001,-4.385001E+001,5.786808E+000
1,1.212234E+001,-2.815303E+001,3.930494E+001
1,-3.138082E+001,2.730521E+001,-2.955518E+001
1,-1.469619E+001,-4.558635E+001,-1.489870E+001
1,-1.570841E+000,-1.131274E+000,-5.039623E+001
1,2.383922E+001,1.603683E+001,4.023738E+001
1,1.023427E+001,-1.183003E+000,-4.835214E+001
1,1.772995E+001,-3.948350E+001,-2.510024E+001
1,-2.328070E+001,-2.960620E+001,-3.171901E+001
1,-2.285635E+001,-4.316858E+001,9.428436E+000
1,1.938618E+001,4.013338E+001,-2.403970E+001
1,8.098991E+000,-8.908210E+000,-4.900687E+001
1,3.280908E+001,-3.405260E+001,1.572066E+001
1,-6.456641E+000,1.122958E+000,-5.014607E+001
1,1.061215E+001,9.583215E+000,-4.809697E+001
1,2.889482E+001,3.519984E+001,2.001794E+001
1,6.838639E+000,2.594893E+000,4.891467E+001
1,1.624363E+001,1.301361E+001,-4.443923E+001
1,3.333504E+001,8.206512E+000,-3.521809E+001
1,1.509552E+001,4.148158E+001,2.488161E+001
1,1.669818E+001,-4.423849E+001,1.747795E+001
1,-3.559351E-001,-1.865036E+000,5.010813E+001
1,-3.898961E+001,-9.487279E+000,-2.806464E+001
1,-4.320009E+001,-2.429032E+001,-1.564957E+000
1,-3.052187E+001,2.042487E+001,3.302506E+001
1,2.348271E+001,-3.472635E+001,2.837988E+001
1,1.252884E+001,2.836919E+001,-4.008085E+001
1,7.496297E+000,2.739054E+001,-4.132372E+001
1,-1.135721E+001,-3.235619E+001,-3.736999E+001
1,-8.301093E+000,8.048720E+000,4.799522E+001
1,-3.283114E+001,-3.461644E+001,1.594803E+001
1,3.409921E+001,-3.094227E+001,-1.888460E+001
1,2.162079E+001,-5.983094E+000,4.465717E+001
1,3.491038E+000,-5.590563E+000,-4.957293E+001
1,-3.916634E+001,-3.002453E+001,-9.613930E+000
1,-4.847684E+001,-9.443744E-001,-8.961936E+000
1,1.824831E+001,-3.117883E+001,-3.383826E+001
1,2.080812E+001,-2.743795E+001,3.595826E+001
1,-4.867136E+001,-1.072900E+001,3.423902E+000
1,6.568269E+000,4.486672E+001,2.162113E+001
1,-6.752613E+000,4.428355E+000,4.964736E+001
1,-4.487937E+001,1.024572E+001,1.868548E+001
1,-3.509465E+001,-1.677224E+001,3.260057E+001
1,-2.477118E+001,-4.213846E+001,-1.220059E+001
1,2.918215E+001,3.527971E+001,2.001370E+001
1,9.745382E-001,-1.076707E+000,4.932918E+001
1,-4.165540E+001,-1.653109E+001,2.205314E+001
1,2.475164E+001,4.364613E+001,3.542096E+000
1,-4.688357E+001,1.748583E+001,-2.534842E+000
1,1.339536E+001,1.085655E+001,4.604230E+001
1,1.116815E+001,-2.346825E+000,-4.895842E+001
1,2.026882E+001,-3.353818E+001,3.065490E+001
1,2.355002E+001,-3.955634E+000,-4.427267E+001
1,-1.929657E+001,-4.671972E+001,-7.685870E+000
1,3.546157E+001,-2.290718E+001,-2.587966E+001
1,-4.648111E+001,1.337205E+001,-1.428129E+001
1,-2.849779E+001,2.264155E+001,3.417736E+001
1,2.469414E+001,-3.803717E+001,-2.243411E+001
1,-2.470609E+001,-1.640013E+001,-4.174278E+001
1,2.002143E+001,-4.044525E+000,-4.481512E+001
1,-2.168572E+000,4.894227E+001,6.657756E+000
1,-3.192266E+001,5.884280E+000,-3.710368E+001
1,1.504082E+001,-3.053569E+001,-3.532828E+001
1,-5.382507E+000,2.117309E+000,4.983157E+001
1,1.926804E+001,-4.546831E+001,-3.429013E+000
1,3.095699E+001,3.495664E+001,-1.628408E+001
1,-1.655415E+001,-1.794030E+001,4.340404E+001
1,-1.759724E+001,4.095142E+000,4.598448E+001
1,3.635111E+001,-3.458334E+001,-9.570700E-001
1,4.004040E+001,-2.259247E+001,-2.129191E+001
1,-9.102509E+000,-2.622652E+000,-4.889323E+001
1,-2.614375E+001,3.142785E+001,-2.750999E+001
1,-2.173820E+001,3.306834E+001,3.137960E+001
1,3.198738E+001,-3.617371E+001,1.184347E+001
1,1.859285E+001,-4.336289E+001,-1.583322E+001
1,-3.811619E+000,5.949773E+000,4.923386E+001
1,4.976361E+001,4.336323E-002,3.636998E+000
1,2.683767E+001,-6.235159E+000,-4.208913E+001
1,-3.206753E+000,-4.077514E+001,2.855627E+001
1,-4.450087E+001,1.440294E+000,-2.284606E+001
1,1.559361E+001,-2.410409E+001,-4.179011E+001
1,-2.590782E+001,9.968161E+000,-4.197255E+001
1,9.414464E+000,-4.731675E+001,-8.793803E+000
1,-4.487765E+001,-1.592584E+001,1.269684E+001
1,1.420206E+001,-4.484281E+001,1.731598E+001
1,-2.217526E+001,4.226628E+001,1.451480E+001
1,-1.988210E+001,-3.287743E+001,3.240931E+001
1,-7.091579E+000,3.744145E+001,3.220222E+001
1,2.364600E+000,7.391677E+000,4.866939E+001
1,3.844342E+001,2.212334E+001,2.531603E+001
1,2.365793E+000,8.129662E-001,-5.019240E+001
1,2.931800E+001,-2.917177E+001,-2.800311E+001
1,4.160221E+001,3.430297E+000,2.788026E+001
1,1.427009E+001,7.708516E+000,-4.786103E+001
1,1.778474E+001,4.687565E+001,1.343949E+000
1,-3.060782E+001,1.916917E+001,-3.475742E+001
1,-3.513651E+001,-3.440076E+001,1.250067E+001
1,3.815176E+001,1.304700E+000,-3.047795E+001
1,3.968217E+001,2.087902E+001,2.240266E+001
1,3.349055E+001,-1.376336E+001,-3.423562E+001
1,-4.607051E+001,1.435748E+001,1.163906E+001
1,2.013949E+001,-1.385247E+001,-4.429513E+001
1,-1.416664E+001,3.764100E+001,2.996453E+001
1,5.311071E+000,1.981352E+000,4.942998E+001
1,-2.791478E+001,3.326468E+000,4.003162E+001
1,-4.879479E+001,-7.853357E+000,7.005214E+000
1,6.928665E+000,3.810239E+001,-3.310926E+001
1,-3.392357E+001,-2.450821E+001,-2.733945E+001
1,-4.646928E+001,-2.022653E+001,-1.500040E+000
1,-2.574115E+001,3.376820E+001,-2.611377E+001
1,-1.162565E+001,-2.111612E+001,4.455823E+001
1,4.617046E+001,1.295738E+001,1.359058E+001
1,-2.706898E+001,3.963657E+001,-1.686760E+001
1,8.794248E+000,3.027069E+000,4.947441E+001
1,-4.247651E+000,8.789343E+000,-4.905670E+001
1,-8.666983E-001,-2.831705E+001,-4.155359E+001
1,-1.067849E+001,1.245700E+001,-4.694552E+001
1,4.150206E+001,-2.870270E+001,-4.970166E+000
1,-6.271647E+000,-2.536591E+001,-4.341453E+001
1,2.529207E+001,-2.803253E+001,-3.276368E+001
1,-2.124144E+001,-3.016006E+001,-3.422664E+001
1,1.036366E+001,-9.062661E+000,4.869894E+001
1,3.628288E+001,3.508028E+001,-4.018332E+000
1,-2.814774E+001,-3.301025E+001,2.713286E+001
1,-6.204708E+000,-4.217845E+000,4.981495E+001
1,-5.061931E+000,-4.569232E+001,-1.842893E+001
1,1.627680E+001,-2.103139E+001,4.171322E+001
1,2.083891E+000,5.838801E+000,5.016167E+001
1,1.829273E+001,-4.356230E+001,1.723676E+001
1,4.772465E+000,-6.594583E+000,-4.875218E+001
1,3.675565E+000,-3.259256E+001,-3.873641E+001
1,-2.768478E+001,3.471555E+001,-2.440825E+001
1,-2.371020E+001,8.074168E+000,4.235586E+001
1,-2.865841E+001,-1.543324E+001,-3.715577E+001
1,-1.410338E+001,-5.827681E+000,-4.874629E+001
1,-1.673709E+000,1.211732E+001,-4.782571E+001
1,1.022830E+001,4.329045E+001,-2.134840E+001
1,-3.916615E+000,-1.481448E+000,-5.059212E+001
1,-3.659340E+000,-5.046101E+001,1.383157E+000
1,-1.541431E+001,-1.420952E+001,4.530973E+001
1,2.312736E+001,1.488019E+001,4.209711E+001
1,2.219725E+001,2.839519E+001,3.492551E+001
1,-4.362921E+001,-8.788146E+000,2.091679E+001
1,-6.123117E+000,-1.098347E+001,4.753668E+001
1,1.507826E+001,4.503738E+001,-1.653673E+001
1,-3.532299E+001,-1.963147E+001,3.021394E+001
1,-2.818722E+001,3.692129E+001,-1.721705E+001
1,-1.191392E+001,-1.766227E+001,-4.526736E+001
1,-2.640349E+001,4.155071E+001,8.600806E+000
1,3.085129E+001,-3.649354E+000,3.853956E+001
1,-3.855605E+001,-3.145174E+000,3.059207E+001
1,1.118891E+000,-2.631832E+001,-4.169631E+001
1,-3.291517E+001,-2.191888E+001,-3.206323E+001
1,7.997207E-001,-1.614539E+000,4.920648E+001
1,2.548724E+000,5.762376E+000,5.024814E+001
1,-1.766830E+001,-1.111593E+001,-4.623830E+001
1,2.321439E+001,4.272787E+000,-4.492996E+001
1,4.324806E+001,1.823998E+001,-1.774841E+001
1,-1.889171E+001,4.005896E+000,-4.573183E+001
1,6.317842E+000,-5.627168E+000,-5.004882E+001
1,-2.028990E+000,1.237680E+001,-4.726368E+001
1,4.811247E+000,-2.576305E+000,4.932997E+001
1,-2.283097E+001,-5.172263E+000,-4.496045E+001
1,-1.096187E+001,4.444550E+001,2.004965E+001
1,-4.077551E+001,-3.840934E+000,2.809662E+001
1,-2.422117E+000,-4.205238E-001,-4.994691E+001
1,-4.763024E+000,-2.428322E+001,4.334423E+001
1,-1.692692E+000,-2.240035E+001,4.405213E+001
1,-4.013388E+001,-2.388943E+001,1.424961E+001
1,-4.220175E+001,-1.422269E+001,2.199311E+001
1,-4.902459E+001,-3.948233E+000,4.017968E+000
1,1.223806E+001,-9.352941E+000,4.667156E+001
1,2.934727E+001,-2.915915E+000,-4.125044E+001
1,1.049566E+001,-4.020741E+001,2.820718E+001
1,-1.676561E+000,-1.926316E+000,-5.043314E+001
1,-4.447906E+001,1.908395E+001,1.620009E+001
1,4.265319E+001,2.304041E+001,1.527074E+001
1,-1.596402E+001,3.835168E+001,-2.747054E+001
1,-4.391615E+001,2.551323E+001,-5.422202E+000
1,1.350486E+001,-2.676754E+001,-3.962078E+001
1,-1.650981E+001,-3.414365E+001,3.308603E+001
1,3.023390E+001,2.853781E+001,2.849641E+001
1,7.178304E+000,-1.587830E+001,4.762733E+001
1,-1.443792E+001,-3.843511E+001,2.994253E+001
1,-2.724060E+001,-2.058386E+001,3.723562E+001
1,-3.756518E+001,2.463804E+001,-2.095346E+001
1,-1.183901E+000,1.250498E+001,4.926622E+001
1,4.678960E+001,-5.428576E+000,1.304613E+001
1,-1.321690E+001,-3.617789E+000,4.909214E+001
1,1.431300E+001,4.524936E+001,-1.942335E+001
1,-1.253725E+001,-6.122769E+000,-4.820183E+001
1,1.441420E+001,5.507587E+000,-4.808541E+001
1,2.472322E+001,-3.696659E+001,-2.356403E+001
1,1.193249E+001,1.063697E+001,4.717158E+001
1,4.347521E+001,3.129027E+000,2.445635E+001
1,-2.855507E+001,-3.859994E+001,-1.770492E+001
1,-1.761620E+001,3.916600E+001,-2.734132E+001
1,-1.466631E+001,4.750269E+001,7.730248E+000
1,7.349299E-001,2.286023E+001,4.528497E+001
1,5.590621E+000,-3.165642E+000,-4.904724E+001
1,1.801536E+000,-1.081482E+001,-4.927750E+001
1,3.910788E+001,-3.122524E+001,-9.286197E+000
1,1.643955E+001,-3.830058E+001,2.888626E+001
1,3.726142E+001,2.440814E+001,-2.132443E+001
1,-2.656257E+001,-9.801281E+000,4.174282E+001
1,-4.503966E+000,-1.384816E+000,-4.921838E+001
1,-2.785250E+001,-1.726728E+001,-3.713444E+001
1,-4.881838E+000,-8.021143E-001,5.004124E+001
1,-4.420992E+001,1.275119E+001,1.974027E+001
1,-3.651986E+001,1.876769E+001,2.856282E+001
1,-2.910923E+001,2.874427E+001,2.949907E+001
1,7.703682E-001,1.337954E+001,-4.796614E+001
1,1.006615E+001,5.934258E+000,4.929639E+001
1,-2.050500E+001,-2.927766E+001,3.481064E+001
1,4.140492E+000,7.276366E+000,-4.953939E+001
1,-1.108649E+001,1.098255E+001,-4.864085E+001
1,1.427564E+001,3.085341E+001,3.731859E+001
1,9.463121E+000,3.841169E+001,3.069383E+001
1,-2.124122E+001,-4.114747E+001,-1.888702E+001
1,4.854252E+001,8.970720E+000,2.144794E+000
1,-2.595555E+001,7.511405E+000,4.059191E+001
1,-5.926018E+000,-8.151059E+000,4.851880E+001
1,4.322695E+001,1.774809E+001,-1.963619E+001
1,2.250138E+001,-3.243330E+001,-3.144645E+001
1,-1.676615E+000,-1.941668E+001,4.521550E+001
1,-1.184379E+001,-3.100888E+000,-4.873440E+001
1,1.012314E+001,-3.597861E+001,3.317212E+001
1,-5.881820E+000,-2.488278E+000,4.938800E+001
1,4.442041E+000,1.396050E+001,-4.828190E+001
1,-4.706148E+001,-1.212710E+001,1.446822E+001
1,6.110267E+000,4.882202E+001,-2.239585E+000
1,4.088596E+001,2.104953E+001,2.069693E+001
1,1.490146E+001,4.777287E+001,7.962387E+000
1,4.804972E+001,1.727542E+001,-1.823311E+000
1,-2.202923E+001,-4.469981E+001,-5.498068E+000
1,-3.888169E+001,-2.700149E+001,1.516309E+001
1,-3.748659E+001,3.350115E+001,-7.571599E+000
1,-1.429629E+001,-1.451095E+001,-4.620447E+001
1,4.332907E+001,1.310979E+001,-2.056149E+001
1,-3.287598E+001,-1.118051E+001,3.663614E+001
1,4.557623E+001,1.069727E+001,-1.631074E+001
1,-2.799436E+001,1.255625E+001,4.024353E+001
1,1.524113E+001,1.400650E+001,4.605210E+001
1,4.390917E+001,1.319353E+000,2.299316E+001
1,4.011679E+001,-2.644239E+001,-1.469514E+001
1,3.523984E+001,2.785888E+000,-3.564861E+001
1,9.095878E+000,-4.390266E+001,-2.368047E+001
1,2.385557E+001,-1.464062E+001,-4.178517E+001
1,1.640414E+001,-3.768288E+001,2.768875E+001
1,2.597567E+001,3.185128E+001,2.767197E+001
1,3.486008E+000,3.542002E+001,-3.670013E+001
1,1.533379E+001,4.617612E+001,1.436294E+001
1,-1.078011E+001,-7.045256E+000,4.925292E+001
1,8.018622E+000,-1.023863E+000,-4.954882E+001
2,6.857508E-001,8.822030E-001,-8.854096E-001
2,2.119110E-001,2.566241E+000,4.355553E+000
2,2.439457E+000,2.259743E+000,3.084992E+000
2,5.971988E+000,1.003704E+000,2.859852E+000
2,-2.646234E+000,-2.439604E+000,4.711721E+000
2,-1.080572E+000,1.800438E+000,-3.650148E+000
2,-1.465547E-001,1.119260E+000,6.701577E-001
2,1.994454E+000,1.209060E+000,1.886642E+000
2,-3.052135E+000,5.578630E+000,3.890948E+000
2,1.801007E+000,4.444109E-002,1.405029E+000
2,2.314274E+000,-1.492039E+000,4.027197E-001
2,-5.953394E-001,-1.798263E+000,3.080695E+000
2,2.154614E+000,-3.375758E+000,1.969941E+000
2,3.472002E+000,-6.171456E+000,4.908502E+000
2,7.372167E+000,-1.635844E+000,-1.170528E+000
2,3.706295E+000,-2.422915E+000,2.789299E+000
2,-3.938390E+000,2.432051E-001,2.127694E+000
2,-4.051334E+000,-9.938700E-001,-4.394743E-001
2,-8.531086E-001,1.039651E+000,2.009814E+000
2,-2.838916E+000,-4.764276E+000,-6.343368E-001
2,4.749569E-001,-1.280334E+000,2.969757E+000
2,-1.474658E+000,3.568800E+000,-1.376201E+000
2,1.969728E+000,3.915431E+000,7.574453E-001
2,-9.392710E-001,8.140218E-001,-4.359775E+000
2,7.361267E+000,-1.438232E+000,4.968328E-001
2,2.010779E+000,-1.535420E+000,-6.623068E-001
2,2.196354E-001,7.214851E+000,4.874500E-001
2,3.656419E-001,5.426153E+000,-1.886600E+000
2,-2.273953E+000,-4.099031E-001,-4.951911E+000
2,-2.389804E+000,-4.922831E+000,1.633307E+000
2,5.022775E+000,-1.923718E+000,-2.293836E+000
2,6.548579E+000,5.189726E+000,2.173688E+000
2,-1.363253E+000,1.107519E+000,-1.807876E+000
2,-4.743645E+000,6.285966E-001,-4.060351E+000
2,-1.009205E+000,8.447483E-001,-4.389114E+000
2,1.646090E+000,2.341043E+000,5.935584E+000
2,-1.919980E+000,-9.656597E-001,-2.265899E+000
2,3.395606E+000,3.341458E-001,-3.703464E+000
2,-3.118424E+000,-8.117026E-001,-2.579345E+000
2,2.699059E+000,1.217836E+000,3.775685E+000
2,2.336222E+000,4.177088E+000,2.855681E+000
2,-1.838001E+000,-2.447912E+000,3.127455E+000
2,2.208435E+000,-2.749863E+000,-4.662627E-001
2,-2.247011E+000,-1.219582E+000,1.979178E+000
2,-3.249057E+000,1.615225E+000,-1.808627E+000
2,3.699544E+000,-2.479789E+000,-1.165336E+000
2,-2.781420E+000,2.796381E+000,-6.005492E-001
2,1.187184E+000,2.394058E+000,-3.659764E-001
2,2.643978E+000,-1.123777E+000,5.552750E+000
2,3.735515E+000,-5.618837E+000,1.988665E+000
2,-3.583686E+000,-2.521519E-001,-3.036507E+000
2,2.129532E+000,-4.943742E+000,3.978860E+000
2,-2.315981E+000,-7.033198E-001,-1.306295E+000
2,-2.686535E-001,1.509548E+000,1.798599E+000
2,-1.068473E-001,-2.140609E+000,6.526674E-001
2,2.333638E+000,2.643679E+000,2.122810E+000
2,2.219055E+000,1.809333E+000,-5.719382E+000
2,7.201211E-001,-1.480367E+000,3.346304E+000
2,1.640710E+000,4.981280E+000,-3.555101E-001
2,-3.731598E+000,-2.800017E-001,-3.759777E+000
2,1.011045E+000,9.160681E-001,-1.268644E+000
2,-1.954354E+000,1.419827E+000,-2.185898E+000
2,2.046087E-001,3.442643E+000,4.993592E+000
2,-8.378955E+000,-2.165526E+000,-4.408032E+000
2,-7.973953E-001,-2.390583E+000,-4.636713E+000
2,5.478362E+000,1.766405E-001,-3.420528E+000
2,5.565598E-001,2.612871E+000,4.986837E-001
2,-8.348679E-001,-2.317563E+000,-9.477330E-001
2,2.320126E-001,1.858847E+000,-1.703241E+000
2,-1.565779E+000,2.008856E+000,-2.741294E+000
2,1.089850E+000,1.484981E+000,-2.123360E+000
2,9.376637E-001,-1.428467E+000,5.058846E+000
2,5.681549E+000,3.124042E+000,6.992235E+000
2,-1.441338E+000,-1.767457E-001,-1.848403E+000
2,1.792972E+000,5.297980E+000,8.204090E-001
2,-1.916410E+000,-2.142672E+000,2.845976E-001
2,5.039803E-001,-3.089233E+000,-5.016180E-001
2,-4.613391E-001,2.884551E+000,3.511664E+000
2,-1.269224E+000,-8.448683E+000,-7.718695E+000
2,-8.178036E-001,-2.487775E-001,-1.335382E+000
2,-4.664956E+000,-5.306959E+000,1.427103E+000
2,9.845514E-001,2.496533E+000,1.895965E+000
2,-2.999286E+000,-3.242489E+000,-1.251400E+000
2,2.959275E+000,9.715286E-001,2.344441E+000
2,-4.944213E+000,-9.660186E-001,-9.989044E-001
2,-1.252367E+000,-3.982138E+000,8.584992E-001
2,-7.713222E-001,-2.160952E+000,1.872395E-001
2,3.049083E+000,3.757360E+000,5.195643E+000
2,-8.909048E+000,5.340831E+000,-4.324626E+000
2,-2.245051E+000,2.967620E+000,4.807449E+000
2,2.437466E+000,-5.246342E+000,4.554155E+000
2,3.570202E+000,-1.469213E+000,5.396938E-001
2,-5.331455E+000,8.447442E+000,1.338667E+000
2,-4.750815E-001,-3.713950E+000,4.108761E+000
2,1.883331E+000,-3.156272E+000,-2.763370E-001
2,-2.739164E+000,-2.167840E+000,4.028964E+000
2,-2.519814E+000,2.893383E+000,-4.491906E-001
2,-1.098556E+000,8.500788E-001,3.755042E+000
2,-3.814715E-001,-1.471878E+000,1.484236E-001
2,-1.508800E+000,-1.957367E+000,5.239964E+000
2,2.953837E-001,-2.565544E+000,-9.065145E-001
2,-1.455601E+000,-6.507712E+000,4.234516E+000
2,2.965810E+000,3.029429E+000,-8.210273E-001
2,8.941062E-001,5.047947E-001,5.316243E+000
2,-3.648411E+000,1.566411E+000,-2.752217E+000
2,3.746515E+000,-2.427881E-001,1.873371E+000
2,-2.732619E+000,-6.682261E-001,1.204702E+000
2,-2.979396E-001,-1.464379E+000,2.052028E+000
2,5.084834E+000,-2.734686E+000,-2.044500E+000
2,3.668543E+000,-4.129444E+000,4.510403E+000
2,-5.234294E+000,3.376536E+000,-6.287515E-001
2,3.107282E+000,3.157263E+000,6.564192E+000
2,1.263883E+000,-2.273074E+000,-4.730780E+000
2,2.006730E+000,-2.901646E+000,6.389323E-001
2,1.564927E+000,-4.635948E+000,1.472271E+000
2,-3.443766E+000,2.671811E+000,1.964837E+000
2,-2.077176E+000,-2.060344E-001,-2.148921E+000
2,-1.978189E-001,-5.254840E+000,6.407388E-001
2,1.598787E+000,-1.150763E+000,-3.813669E+000
2,4.937305E-001,4.184748E+000,4.076734E+000
2,3.559815E+000,2.683231E+000,2.792635E+000
2,-6.070062E-001,-5.267430E+000,5.880550E-001
2,-3.069798E+000,2.921481E+000,-5.057467E-001
2,2.220496E+000,-2.960297E+000,8.268571E-001
2,-5.838797E+000,-1.188735E+000,2.010014E+000
2,-6.767248E-001,6.614396E+000,1.235549E+000
2,-3.961536E-001,3.213444E+000,2.725466E-001
2,-1.108500E+000,6.563444E-001,6.065778E+000
2,-4.336126E+000,-3.231944E+000,2.012579E+000
2,1.178765E+000,-1.872880E+000,5.814973E+000
2,-1.941379E+000,3.331130E+000,-4.327779E+000
2,8.128069E-003,-2.517313E+000,1.125482E+000
2,-2.782534E+000,1.211172E+000,-2.595866E+000
2,-4.770282E+000,4.453332E+000,7.458127E-002
2,-1.336568E-001,6.202189E-001,-3.268200E-001
2,-1.622752E+000,-2.685083E+000,-5.697222E+000
2,-3.926941E-001,4.582314E+000,-4.972728E+000
2,2.893812E+000,-2.772849E+000,-5.581110E+000
2,3.761822E+000,8.375366E-001,-4.955896E+000
2,-2.369809E+000,-2.616509E+000,-7.701871E+000
2,-5.248944E+000,-3.318315E+000,-3.850369E+000
2,-2.023955E+000,7.932941E-001,-1.456168E+000
2,3.669015E+000,-5.903276E-001,4.991294E+000
2,2.142926E-001,1.114604E+000,-3.111100E-001
2,-1.982968E+000,-5.702450E+000,-1.894990E+000
2,-1.088960E+000,3.611339E+000,5.930660E+000
2,5.491744E+000,1.489262E+000,1.996050E+000
2,1.164466E+000,-2.593486E+000,-1.723508E-001
2,-1.889780E+000,-1.130378E+000,-8.064836E-001
2,2.958213E+000,4.932887E-001,7.846496E-002
2,-9.527743E-001,5.318725E-001,2.529607E+000
2,-2.405642E+000,-3.759512E+000,4.742506E-001
2,7.097337E-001,3.760050E-001,-4.582812E+000
2,1.251169E+000,-1.649526E-001,-6.668503E-001
2,2.691934E+000,-9.034802E-001,-2.830244E-001
2,4.414724E+000,-7.328438E-001,1.092509E+000
2,-7.025569E+000,2.261951E+000,-2.417861E+000
2,1.927051E+000,-2.068123E+000,1.137463E+000
2,-1.533714E+000,-9.314605E-001,-5.769305E-001
2,2.379856E+000,2.533360E+000,4.722709E-001
2,1.107530E+000,-6.067991E+000,-7.688389E-001
2,5.523097E+000,1.682912E+000,6.283408E+000
2,1.362398E+000,5.113904E-001,-3.999202E+000
2,-3.165903E+000,4.347524E-001,2.514120E+000
2,6.387508E+000,-5.439273E+000,2.975141E+000
2,-1.615400E+000,-4.144359E+000,1.790375E+000
2,2.982882E-001,3.111602E+000,2.430254E+000
2,-3.233665E+000,3.619110E+000,1.689588E+000
2,-7.221485E-001,7.000583E-001,4.187103E-001
2,-3.182310E+000,-2.673871E+000,2.962733E+000
2,4.880486E-001,-3.862340E+000,-4.926924E+000
2,8.858760E-001,-1.358370E+000,-2.320844E-001
2,4.419872E+000,4.162047E+000,4.270280E+000
2,9.427458E-001,3.325500E+000,7.980857E-001
2,1.900041E+000,2.055249E+000,-1.364739E+000
2,4.523788E-001,-1.555019E+000,-3.398596E+000
2,2.935812E+000,-3.739588E+000,-2.435971E+000
2,-4.997471E+000,1.609360E+000,5.343553E-001
2,1.782730E+000,-2.305766E-001,-4.504730E+000
2,2.675553E+000,-4.205683E-001,3.787978E+000
2,7.521032E-001,3.926920E+000,-2.773507E+000
2,-2.070227E+000,9.194031E-001,1.280686E+000
2,1.024250E+000,-1.369198E+000,4.671225E+000
2,-6.092107E+000,2.777138E+000,-2.133764E+000
2,3.000736E+000,-3.304323E+000,7.796639E-001
2,5.838262E-001,1.684130E+000,-2.425544E+000
2,5.679120E+000,-1.005359E-001,-1.784475E-001
2,-1.041584E+000,-2.543006E+000,3.109204E+000
2,4.323519E-001,-9.002614E-001,3.187455E+000
2,2.434593E+000,-1.362968E+000,2.652755E+000
2,1.559262E+000,2.826316E+000,-2.997320E+000
2,7.163709E+000,1.958183E+000,4.835092E+000
2,-1.019380E-001,3.176420E+000,2.543033E+000
2,-2.628153E+000,-2.535630E-001,4.995124E+000
2,-3.906383E-001,-4.021129E-001,2.899176E+000
2,3.883383E+000,2.395423E+000,-1.284234E-001
2,-1.072219E-001,-2.042610E+000,-5.659407E-002
2,-1.192542E-001,9.417715E-001,1.702334E+000
2,3.157758E+000,6.460398E+000,1.723977E+000
2,-1.069912E+000,-4.775348E+000,-5.309079E-001
2,9.268324E-001,-1.526029E+000,2.561712E+000
2,-5.233704E+000,1.543572E+000,1.690739E+000
2,1.346109E+000,-6.676131E-001,1.038503E+000
2,-4.786681E-001,9.935639E-001,5.359561E+000
2,-5.964510E+000,1.183260E+000,1.039251E+000
2,3.520877E+000,2.827412E+000,1.394628E+000
2,-3.073581E-001,-1.381675E+000,8.638124E-001
2,6.663724E+000,-4.448422E+000,-4.128964E-001
2,2.440755E+000,9.170853E-001,-3.450819E+000
2,-4.248996E-001,-3.142687E+000,1.902546E+000
2,3.574140E+000,1.412587E+000,-2.627693E+000
2,2.338076E+000,4.267432E-001,6.204286E-001
2,3.992547E+000,2.486950E+000,-5.598168E+000
2,-2.135379E+000,5.741222E+000,-1.835949E+000
2,4.561528E-001,-3.983706E+000,-1.965915E+000
2,-4.466124E-002,5.381961E+000,-3.093469E+000
2,-1.072438E+000,-4.053225E-001,4.806520E-001
2,-1.243867E+000,2.260037E-001,-2.649767E+000
2,-6.971900E+000,4.324254E+000,3.454194E+000
2,-1.045548E+000,-7.897105E-001,8.969957E-001
2,-4.256829E+000,-2.068193E+000,-9.482627E+000
2,2.331976E+000,4.673227E-001,6.728412E+000
2,-7.846590E+000,-3.365855E+000,4.087282E+000
2,7.247825E+000,-5.909715E+000,1.985459E-001
2,-2.862248E+000,-1.491997E+000,-5.196373E+000
2,-4.388342E+000,-7.993243E-001,-2.754379E+000
2,-1.772414E+000,6.946711E-001,2.124064E+000
2,5.285532E-001,-2.032989E+000,1.222820E+000
2,-5.245003E+000,7.892834E-001,1.581749E+000
2,4.011352E+000,-1.813788E+000,-4.592192E+000
2,4.892448E+000,1.673377E+000,4.018903E+000
2,-3.268758E+000,1.771743E+000,-2.803739E+000
2,-1.123781E+000,-1.262322E+000,-3.809484E+000
2,-2.486274E+000,7.246917E-001,-1.663949E+000
2,1.940859E+000,1.538409E+000,-4.857599E-001
2,-3.653413E+000,-1.548443E+000,4.179189E+000
2,-6.041536E+000,1.602620E+000,1.428917E+000
2,5.747879E+000,1.361524E+000,-1.805949E+000
2,-5.869537E-002,7.790818E-001,-7.710062E-001
2,2.588932E+000,-6.165571E+000,-8.774029E-001
2,-1.372604E+000,7.193940E+000,1.915906E+000
2,5.653621E+000,3.988551E+000,8.513711E-001
2,-2.839539E+000,5.249275E+000,2.103143E-001
2,-2.039446E-001,2.354881E+000,-4.474215E+000
2,8.025108E-001,-4.010434E-001,-2.571119E+000
2,-1.976681E+000,3.093200E+000,1.741864E+000
2,-1.680746E-001,3.427764E+000,1.397416E+000
2,5.311834E+000,-2.229388E+000,3.549359E+000
2,2.651291E+000,1.682682E+000,-8.112159E-002
2,6.933685E+000,-1.508769E+000,-2.521124E+000
2,3.978823E+000,2.386428E+000,-1.487218E+000
2,2.377309E+000,2.137458E+000,1.055532E+000
2,-2.128159E-001,2.122509E+000,-5.893863E-002
2,1.875357E+000,2.307338E+000,-5.183204E+000
2,-1.002940E+000,1.979053E+000,1.874058E+000
2,2.502218E+000,-3.992083E-001,1.815174E+000
2,4.493396E+000,1.024049E+000,-9.673014E-001
2,1.152320E-001,-8.651327E-001,5.024885E+000
2,9.802681E-001,1.890776E+000,1.681311E+000
2,1.080192E+000,-6.882419E-001,1.869857E+000
2,2.075016E+000,-8.435984E-001,5.010691E+000
2,1.100940E+000,1.799926E+000,-3.689422E-001
2,3.789117E+000,-4.632595E+000,-2.691217E+000
2,5.257907E+000,9.103975E+000,4.565313E+000
2,1.882316E-001,-3.904892E+000,-1.993112E+000
2,1.943879E+000,2.012915E+000,-2.442778E-001
2,2.075994E+000,-6.257136E-001,-4.690891E-002
2,5.309885E+000,-1.799667E+000,1.161030E+000
2,1.448928E+000,-7.414156E+000,-3.728217E+000
2,1.283893E+000,-1.236630E+000,4.567132E+000
2,2.076752E+000,-1.890981E+000,2.146421E+000
2,-2.522585E+000,-6.111432E-001,2.253856E+000
2,7.864556E+000,1.761767E+000,-1.679441E+000
2,-2.842330E+000,-4.885815E+000,5.030430E-001
2,3.009396E+000,-1.065114E+000,2.164222E+000
2,-3.273504E+000,-4.665200E+000,-1.130332E+000
2,-4.807812E-001,1.587906E+000,-4.548273E+000
2,-2.226771E+000,-2.733694E+000,2.805205E+000
2,-3.118659E-003,-3.959160E+000,-1.407079E+000
2,-3.284969E+000,1.824634E+000,2.734507E+000
2,3.733898E+000,4.388027E+000,1.083598E+000
2,-8.347441E-001,-2.187290E+000,1.229859E+000
2,3.033981E+000,-1.222419E+000,3.969822E+000
2,1.155672E+000,3.858163E+000,2.604950E+000
2,3.358897E+000,-1.027027E+000,-6.343606E-001
2,-3.886890E+000,-5.189490E+000,-1.789037E+000
2,7.883284E-001,5.584366E+000,6.578878E-001
2,8.084990E-001,8.842943E-001,-6.877014E-001
2,-3.239599E+000,7.157519E-002,-2.635429E+000
2,-4.040467E+000,-4.133659E+000,-4.718874E-001
2,-4.406660E+000,1.116417E+000,1.309244E+000
2,2.177722E+000,-2.906242E+000,-5.382854E-001
2,-5.423036E-001,2.754569E+000,-2.565610E+000
2,-4.680035E+000,6.311411E+000,-9.817531E-001
2,3.397221E-001,-4.130182E+000,-1.015880E+000
2,-2.569937E+000,1.606615E+000,4.930642E-001
2,-8.597723E-003,2.775126E+000,3.716914E+000
2,-4.032857E-001,-2.865252E-001,9.624962E-001
2,-7.338297E-001,4.092920E+000,1.401296E+000
2,-4.953256E+000,1.546696E+000,2.078953E+000
2,-1.460271E+000,1.317705E+000,-2.201737E+000
2,5.009099E+000,-3.105473E+000,-2.461173E+000
2,-3.860498E-001,6.676989E+000,2.408224E+000
2,3.285370E-001,3.946375E+000,1.836990E+000
2,2.975795E+000,2.422899E-001,3.540576E+000
2,-2.281982E+000,5.795712E+000,-1.732154E+000
2,-7.550154E-001,-8.253743E-001,-5.012500E+000
2,6.163693E+000,4.126769E+000,-1.222802E+000
2,-3.508145E+000,-5.291994E+000,-1.610150E+000
2,-5.110323E-001,5.576283E-001,-3.284502E+000
2,1.432413E+000,-2.198103E+000,-5.593888E+000
2,-4.250549E-001,-6.164634E-001,1.152038E+000
2,-7.859106E+000,-7.170842E-001,-1.403426E+000
2,5.771182E-001,1.855940E+000,-4.034601E-001
2,3.978062E-001,-1.407337E+000,1.799775E+000
2,5.946682E+000,-2.297922E+000,2.049366E-001
2,-5.928309E-002,-5.609141E+000,-4.828498E-001
2,-1.098158E+000,-6.583595E+000,-2.115050E+000
2,-2.428037E+000,1.155442E+000,8.356920E-001
2,-1.454578E+000,-1.356917E+000,2.029918E+000
2,4.839734E+000,8.496217E-001,-1.849934E+000
2,-2.983916E+000,-6.775176E-001,-3.542804E+000
2,2.804998E+000,-1.118266E+000,4.963224E-001
2,-8.027642E-001,4.263139E+000,-9.897301E-001
2,-2.986948E+000,3.252586E+000,-3.716943E+000
2,1.530625E+000,-8.581271E-001,-2.522413E+000
2,4.877746E-001,4.988320E-001,-1.773278E+000
2,1.953490E+000,-1.735890E+000,2.884817E+000
2,8.812891E-001,-1.219495E+000,5.764981E+000
2,9.317048E-002,2.604835E+000,-7.022606E+000
2,-3.539404E+000,2.428516E+000,-1.240128E+000
2,-3.932523E+000,-4.912853E+000,-4.865093E+000
2,-2.675714E+000,-2.196411E+000,7.585623E+000
2,9.041734E-001,5.937512E+000,1.120111E+000
2,-2.838529E+000,4.076371E+000,1.092288E+000
2,-4.201611E+000,6.896203E-002,-2.639375E-001
2,3.715026E-001,1.343751E+000,-2.014508E+000
2,-3.719853E+000,-5.478990E+000,1.188598E+000
2,2.313993E+000,1.973408E+000,-1.766602E+000
2,-1.626680E+000,1.381789E+000,3.044933E+000
2,4.701603E+000,3.080433E+000,1.062939E+000
2,-1.809786E+000,5.965799E-001,-3.307109E+000
2,-1.489649E+000,3.334515E-001,2.058074E+000
2,2.674433E+000,-2.163165E+000,4.663328E+000
2,4.177258E-001,-3.090928E+000,2.503891E+000
2,-6.343364E-001,-2.428258E+000,4.153797E+000
2,1.670784E+000,-5.532695E+000,-8.430021E-001
2,-1.489334E+000,5.117131E-001,-4.239290E+000
2,2.002893E+000,-4.335721E+000,9.294327E+000
2,4.493406E-001,-1.711912E+000,-1.666487E+000
2,4.622113E+000,-1.718422E+000,-6.745686E-001
2,4.853150E-001,-5.637339E+000,-4.361569E-001
2,3.700039E+000,-3.555049E+000,-4.383864E+000
2,1.042715E-001,-1.783742E-001,1.789032E+000
2,-3.441811E+000,2.308942E-001,-2.150525E+000
2,1.491339E+000,-8.376264E-001,1.271982E+000
2,-3.234402E+000,-1.808231E+000,-3.649340E+000
2,2.080019E+000,4.774983E-003,9.140661E-001
2,-5.494790E+000,3.534910E+000,1.142129E+000
2,4.079701E+000,5.265863E+000,-2.058414E+000
2,2.758031E-001,-1.937169E-001,1.107633E+000
2,3.040441E+000,-2.243949E+000,1.626437E+000
2,-1.445220E-001,6.527299E-001,1.191218E+000
2,3.293521E+000,3.345644E+000,-8.037229E-001
2,-3.870644E+000,-1.555483E+000,-2.785294E-001
2,1.729528E+000,-3.898264E+000,1.746642E+000
2,8.641051E-001,-2.456077E+000,3.835896E+000
2,-9.963443E-001,3.907127E+000,4.428097E+000
2,-3.009908E+000,8.073034E-002,-4.535220E+000
2,4.185205E+000,-9.303026E-001,6.718949E-001
2,3.853745E+000,-3.348238E+000,-4.482354E+000
2,2.009968E-002,-2.239406E+000,4.830845E+000
2,5.227990E-001,1.280249E+000,-3.793303E+000
2,2.095707E+000,-7.357503E-001,3.758432E+000
2,-4.656394E+000,-6.939252E-001,-3.362514E+000
2,2.418150E+000,-3.682886E+000,6.882083E-001
2,5.001428E+000,4.521816E+000,-3.551030E+000
2,2.477508E+000,-1.238600E+000,-1.288460E+000
2,4.748669E+000,-2.637736E+000,-9.213919E-001
2,-9.674336E-001,7.032500E-002,-1.988711E+000
2,-8.809894E-001,2.270787E+000,2.039961E+000
2,-5.681612E+000,4.389901E+000,5.012738E+000
2,-2.243695E+000,2.096124E-001,-3.017766E+000
2,-3.906831E+000,-4.972195E+000,-3.244618E-002
2,3.321621E+000,-5.973437E-001,4.792704E-001
2,8.592244E-001,3.654618E+000,-1.711773E+000
2,-4.422729E+000,-1.650484E+000,-3.384930E-001
2,3.255994E+000,-1.733413E+000,2.384684E+000
2,3.683167E-001,-6.210239E-001,2.452386E+000
2,1.728795E+000,4.226163E-001,7.255092E-002
2,7.144110E+000,3.708753E+000,-2.432959E+000
2,-2.977869E-001,6.195213E-001,-5.548628E-001
2,-3.203857E+000,-2.275129E+000,-6.945145E-001
2,-1.565805E+000,5.209585E-001,-8.820235E-002
2,-8.787358E-001,3.693478E+000,1.758421E+000
2,-1.531027E+000,6.816365E-001,5.432712E-001
2,5.007537E-001,-1.848209E+000,6.056538E-001
2,1.089574E+000,-2.464933E-001,-3.355758E+000
2,-1.907717E+000,4.964502E+000,2.098423E+000
2,3.415463E+000,4.529521E+000,-1.617736E+000
